{"cameraMode":{"drawMode":0,"name":"Shaded","section":"Shading Mode"},"sceneLighting":true,"audioPlay":false,"sceneViewState":{"m_AlwaysRefresh":false,"showFog":true,"showSkybox":true,"showFlares":true,"showImageEffects":true,"showParticleSystems":true,"showVisualEffectGraphs":true,"m_FxEnabled":true},"in2DMode":false,"pivot":{"x":0.5682920217514038,"y":-0.11654531210660935,"z":-2.1214444637298586},"rotation":{"x":0.2860265076160431,"y":-0.2806268334388733,"z":0.08798415958881378,"w":0.912015438079834},"size":0.7279312014579773,"orthographic":false}