{"cameraMode":{"drawMode":0,"name":"Shaded","section":"Shading Mode"},"sceneLighting":true,"audioPlay":false,"sceneViewState":{"m_AlwaysRefresh":false,"showFog":true,"showSkybox":true,"showFlares":true,"showImageEffects":true,"showParticleSystems":true,"showVisualEffectGraphs":true,"m_FxEnabled":true},"in2DMode":false,"pivot":{"x":0.18711015582084657,"y":-0.08359609544277191,"z":0.895858883857727},"rotation":{"x":-0.07006936520338059,"y":0.9270064234733582,"z":-0.21949854493141175,"w":-0.29592403769493105},"size":4.254168510437012,"orthographic":false}